"Name","Id","StartTime","PagedMemorySize"
"chrome","1672","20.03.2022 21:39:15","59957248"
"chrome","7064","20.03.2022 21:39:16","7131136"
"chrome","7112","20.03.2022 21:39:21","17289216"
"chrome","8656","20.03.2022 21:39:16","17788928"
"chrome","9688","20.03.2022 21:39:16","13246464"
"chrome","10476","20.03.2022 21:39:15","2125824"
"chrome","11284","20.03.2022 21:39:23","16355328"
"chrome","11972","20.03.2022 21:39:16","166297600"
"chrome","14896","20.03.2022 21:39:27","13164544"
"chrome","19048","20.03.2022 21:39:21","42172416"
"chrome","19520","22.03.2022 22:51:42","6942720"
